Job Title,Job Description
Database Administrator,"Looking for a Database Administrator with experience in PostgreSQL, Optimization, Backups."
AI Researcher,"Looking for a AI Researcher with experience in Deep Learning, PyTorch, NLP."
Cloud Architect,"Looking for a Cloud Architect with experience in Docker, Terraform, Cloud Design."
Data Engineer,"Looking for a Data Engineer with experience in AWS, Big Data, Spark."
Machine Learning Engineer,"Looking for a Machine Learning Engineer with experience in ML models, TensorFlow, Scikit-learn."
Machine Learning Engineer,"Looking for a Machine Learning Engineer with experience in TensorFlow, ML models, Python."
Data Analyst,"Looking for a Data Analyst with experience in Dashboard, Power BI, Python."
Cloud Architect,"Looking for a Cloud Architect with experience in AWS, GCP, Docker."
DevOps Engineer,"Looking for a DevOps Engineer with experience in Jenkins, CI/CD, AWS."
Backend Developer,"Looking for a Backend Developer with experience in Express, MongoDB, MySQL."
Mobile App Developer,"Looking for a Mobile App Developer with experience in React Native, iOS, Flutter."
Cloud Architect,"Looking for a Cloud Architect with experience in AWS, Terraform, GCP."
Machine Learning Engineer,"Looking for a Machine Learning Engineer with experience in Python, ML models, TensorFlow."
Database Administrator,"Looking for a Database Administrator with experience in PostgreSQL, MySQL, Backups."
Data Engineer,"Looking for a Data Engineer with experience in SQL, AWS, Spark."
Full Stack Developer,"Looking for a Full Stack Developer with experience in Node.js, MongoDB, React."
Data Analyst,"Looking for a Data Analyst with experience in Dashboard, Python, Excel."
Data Analyst,"Looking for a Data Analyst with experience in Power BI, Python, Excel."
Software Engineer,"Looking for a Software Engineer with experience in Agile, OOP, Git."
Software Engineer,"Looking for a Software Engineer with experience in Java, OOP, Python."
Backend Developer,"Looking for a Backend Developer with experience in Express, MongoDB, MySQL."
Product Manager,"Looking for a Product Manager with experience in Sprints, User Stories, Scrum."
Cloud Architect,"Looking for a Cloud Architect with experience in AWS, Cloud Design, Docker."
Machine Learning Engineer,"Looking for a Machine Learning Engineer with experience in Python, ML models, TensorFlow."
Product Manager,"Looking for a Product Manager with experience in User Stories, Collaboration, Sprints."
DevOps Engineer,"Looking for a DevOps Engineer with experience in Docker, Jenkins, Kubernetes."
Cloud Architect,"Looking for a Cloud Architect with experience in GCP, Docker, Cloud Design."
Cloud Architect,"Looking for a Cloud Architect with experience in AWS, Docker, GCP."
Business Analyst,"Looking for a Business Analyst with experience in Tableau, Excel, Requirements."
Backend Developer,"Looking for a Backend Developer with experience in MongoDB, Node.js, Express."
Data Analyst,"Looking for a Data Analyst with experience in Excel, Python, Power BI."
DevOps Engineer,"Looking for a DevOps Engineer with experience in AWS, Docker, Kubernetes."
Full Stack Developer,"Looking for a Full Stack Developer with experience in Node.js, MongoDB, React."
Frontend Developer,"Looking for a Frontend Developer with experience in CSS, HTML, ReactJS."
Database Administrator,"Looking for a Database Administrator with experience in MySQL, Optimization, PostgreSQL."
Business Analyst,"Looking for a Business Analyst with experience in Tableau, SQL, Excel."
Frontend Developer,"Looking for a Frontend Developer with experience in HTML, ReactJS, CSS."
Mobile App Developer,"Looking for a Mobile App Developer with experience in iOS, React Native, Android."
DevOps Engineer,"Looking for a DevOps Engineer with experience in Jenkins, CI/CD, Docker."
Machine Learning Engineer,"Looking for a Machine Learning Engineer with experience in ML models, TensorFlow, Scikit-learn."
Data Engineer,"Looking for a Data Engineer with experience in Spark, AWS, SQL."
Product Manager,"Looking for a Product Manager with experience in Roadmap, Scrum, Sprints."
Database Administrator,"Looking for a Database Administrator with experience in Optimization, MySQL, Backups."
Backend Developer,"Looking for a Backend Developer with experience in MySQL, Express, Node.js."
DevOps Engineer,"Looking for a DevOps Engineer with experience in Kubernetes, Jenkins, CI/CD."
DevOps Engineer,"Looking for a DevOps Engineer with experience in Docker, CI/CD, Kubernetes."
AI Researcher,"Looking for a AI Researcher with experience in PyTorch, NLP, Deep Learning."
Data Analyst,"Looking for a Data Analyst with experience in SQL, Python, Excel."
DevOps Engineer,"Looking for a DevOps Engineer with experience in Kubernetes, AWS, CI/CD."
Product Manager,"Looking for a Product Manager with experience in Scrum, Roadmap, Collaboration."
Cloud Architect,"Looking for a Cloud Architect with experience in GCP, Cloud Design, Terraform."
Product Manager,"Looking for a Product Manager with experience in Collaboration, Sprints, User Stories."
Backend Developer,"Looking for a Backend Developer with experience in MongoDB, Node.js, MySQL."
Software Engineer,"Looking for a Software Engineer with experience in OOP, Git, Python."
Cybersecurity Analyst,"Looking for a Cybersecurity Analyst with experience in Security Protocols, SIEM, Firewalls."
Software Engineer,"Looking for a Software Engineer with experience in Agile, OOP, Python."
Backend Developer,"Looking for a Backend Developer with experience in MySQL, Node.js, MongoDB."
Cybersecurity Analyst,"Looking for a Cybersecurity Analyst with experience in SIEM, Security Protocols, Penetration Testing."
Data Engineer,"Looking for a Data Engineer with experience in Spark, AWS, ETL."
Business Analyst,"Looking for a Business Analyst with experience in SQL, Excel, Power BI."
Machine Learning Engineer,"Looking for a Machine Learning Engineer with experience in TensorFlow, Python, Scikit-learn."
Business Analyst,"Looking for a Business Analyst with experience in Requirements, Power BI, SQL."
Database Administrator,"Looking for a Database Administrator with experience in MySQL, Optimization, Backups."
Cloud Architect,"Looking for a Cloud Architect with experience in Terraform, AWS, Docker."
Product Manager,"Looking for a Product Manager with experience in Scrum, User Stories, Sprints."
AI Researcher,"Looking for a AI Researcher with experience in Computer Vision, NLP, Deep Learning."
DevOps Engineer,"Looking for a DevOps Engineer with experience in Docker, CI/CD, Kubernetes."
AI Researcher,"Looking for a AI Researcher with experience in Computer Vision, Deep Learning, NLP."
Product Manager,"Looking for a Product Manager with experience in Roadmap, User Stories, Collaboration."
Software Engineer,"Looking for a Software Engineer with experience in Python, Git, OOP."
Software Engineer,"Looking for a Software Engineer with experience in Agile, Python, OOP."
AI Researcher,"Looking for a AI Researcher with experience in Deep Learning, NLP, PyTorch."
AI Researcher,"Looking for a AI Researcher with experience in Deep Learning, Computer Vision, PyTorch."
Full Stack Developer,"Looking for a Full Stack Developer with experience in Node.js, Express, MongoDB."
Cloud Architect,"Looking for a Cloud Architect with experience in AWS, Terraform, Cloud Design."
Product Manager,"Looking for a Product Manager with experience in Collaboration, Sprints, Scrum."
Backend Developer,"Looking for a Backend Developer with experience in MySQL, MongoDB, Express."
Cloud Architect,"Looking for a Cloud Architect with experience in Terraform, Docker, GCP."
Mobile App Developer,"Looking for a Mobile App Developer with experience in Flutter, Android, iOS."
Cloud Architect,"Looking for a Cloud Architect with experience in AWS, Docker, GCP."
AI Researcher,"Looking for a AI Researcher with experience in NLP, Computer Vision, Deep Learning."
Full Stack Developer,"Looking for a Full Stack Developer with experience in Node.js, React, MongoDB."
AI Researcher,"Looking for a AI Researcher with experience in NLP, PyTorch, Computer Vision."
DevOps Engineer,"Looking for a DevOps Engineer with experience in Kubernetes, Jenkins, Docker."
Data Analyst,"Looking for a Data Analyst with experience in Dashboard, Excel, SQL."
Full Stack Developer,"Looking for a Full Stack Developer with experience in Node.js, Express, React."
Cloud Architect,"Looking for a Cloud Architect with experience in Terraform, Cloud Design, GCP."
Cybersecurity Analyst,"Looking for a Cybersecurity Analyst with experience in Penetration Testing, Firewalls, Security Protocols."
DevOps Engineer,"Looking for a DevOps Engineer with experience in CI/CD, AWS, Kubernetes."
Data Engineer,"Looking for a Data Engineer with experience in SQL, Spark, Big Data."
Full Stack Developer,"Looking for a Full Stack Developer with experience in Node.js, MongoDB, Express."
Frontend Developer,"Looking for a Frontend Developer with experience in ReactJS, HTML, JavaScript."
Full Stack Developer,"Looking for a Full Stack Developer with experience in Node.js, MongoDB, Express."
Data Engineer,"Looking for a Data Engineer with experience in AWS, SQL, Spark."
Machine Learning Engineer,"Looking for a Machine Learning Engineer with experience in ML models, Scikit-learn, TensorFlow."
Data Analyst,"Looking for a Data Analyst with experience in Excel, Power BI, SQL."
Business Analyst,"Looking for a Business Analyst with experience in Excel, Tableau, SQL."
Data Engineer,"Looking for a Data Engineer with experience in SQL, ETL, AWS."
Data Analyst,"Looking for a Data Analyst with experience in Excel, Python, SQL."
Data Analyst,"Looking for a Data Analyst with experience in Power BI, SQL, Excel."
